AGLOMERADO_NOM,PERIODO,media_ipcf,mediana_ipcf,q1_ipcf,q3_ipcf
Gran San Juan,2024T4,327842.8161925602,275000.0,172000.0,400000.0
Partidos del GBA,2024T4,455028.8306900986,330000.0,202000.0,560000.0
