AGLOMERADO_NOM,PERIODO,tasa_actividad,tasa_empleo,tasa_desocupacion
Gran San Juan,2024T4,53.56356843344516,51.83027637899915,3.2359532890339318
Partidos del GBA,2024T4,56.925638081472215,52.390087869568134,7.967499996069942
